0, 0, Header, 1, 6, 480
1, 0, Start_track
1, 0, Title_t, "Drumset\000"
1, 0, Time_signature, 4, 2, 24, 8
1, 0, Key_signature, 0, "major"
1, 0, Tempo, 555556
1, 0, Control_c, 9, 121, 0
1, 0, Program_c, 9, 0
1, 0, Control_c, 9, 7, 100
1, 0, Control_c, 9, 10, 64
1, 0, Control_c, 9, 91, 0
1, 0, Control_c, 9, 93, 0
1, 0, MIDI_port, 0
1, 0, Note_on_c, 9, 49, 80
1, 479, Note_on_c, 9, 49, 0
1, 1920, Note_on_c, 9, 46, 80
1, 2399, Note_on_c, 9, 46, 0
1, 3840, Note_on_c, 9, 49, 80
1, 4319, Note_on_c, 9, 49, 0
1, 5760, Note_on_c, 9, 49, 80
1, 6239, Note_on_c, 9, 49, 0
1, 6720, Note_on_c, 9, 46, 80
1, 7679, Note_on_c, 9, 46, 0
1, 7680, Note_on_c, 9, 49, 80
1, 8159, Note_on_c, 9, 49, 0
1, 9600, Note_on_c, 9, 46, 80
1, 10079, Note_on_c, 9, 46, 0
1, 11520, Note_on_c, 9, 49, 80
1, 11999, Note_on_c, 9, 49, 0
1, 13440, Note_on_c, 9, 49, 80
1, 13919, Note_on_c, 9, 49, 0
1, 14400, Note_on_c, 9, 46, 80
1, 15359, Note_on_c, 9, 46, 0
1, 15360, Note_on_c, 9, 49, 80
1, 15839, Note_on_c, 9, 49, 0
1, 17280, Note_on_c, 9, 46, 80
1, 17759, Note_on_c, 9, 46, 0
1, 19200, Note_on_c, 9, 49, 80
1, 19679, Note_on_c, 9, 49, 0
1, 21120, Note_on_c, 9, 49, 80
1, 21599, Note_on_c, 9, 49, 0
1, 22080, Note_on_c, 9, 46, 80
1, 23039, Note_on_c, 9, 46, 0
1, 23040, Note_on_c, 9, 49, 80
1, 23519, Note_on_c, 9, 49, 0
1, 24960, Note_on_c, 9, 46, 80
1, 25439, Note_on_c, 9, 46, 0
1, 26880, Note_on_c, 9, 49, 80
1, 27359, Note_on_c, 9, 49, 0
1, 28800, Note_on_c, 9, 49, 80
1, 29279, Note_on_c, 9, 49, 0
1, 29760, Note_on_c, 9, 46, 80
1, 30719, Note_on_c, 9, 46, 0
1, 30720, Note_on_c, 9, 38, 80
1, 30720, Note_on_c, 9, 49, 80
1, 30720, Note_on_c, 9, 36, 80
1, 31199, Note_on_c, 9, 38, 0
1, 31199, Note_on_c, 9, 49, 0
1, 31199, Note_on_c, 9, 36, 0
1, 32160, Note_on_c, 9, 38, 80
1, 32399, Note_on_c, 9, 38, 0
1, 32400, Note_on_c, 9, 38, 80
1, 32639, Note_on_c, 9, 38, 0
1, 32640, Note_on_c, 9, 38, 80
1, 32640, Note_on_c, 9, 49, 80
1, 32640, Note_on_c, 9, 36, 80
1, 33119, Note_on_c, 9, 38, 0
1, 33119, Note_on_c, 9, 49, 0
1, 33119, Note_on_c, 9, 36, 0
1, 34080, Note_on_c, 9, 38, 80
1, 34319, Note_on_c, 9, 38, 0
1, 34320, Note_on_c, 9, 38, 80
1, 34559, Note_on_c, 9, 38, 0
1, 34560, Note_on_c, 9, 38, 80
1, 34560, Note_on_c, 9, 49, 80
1, 34560, Note_on_c, 9, 36, 80
1, 35039, Note_on_c, 9, 38, 0
1, 35039, Note_on_c, 9, 49, 0
1, 35039, Note_on_c, 9, 36, 0
1, 36000, Note_on_c, 9, 38, 80
1, 36239, Note_on_c, 9, 38, 0
1, 36240, Note_on_c, 9, 38, 80
1, 36479, Note_on_c, 9, 38, 0
1, 36480, Note_on_c, 9, 38, 80
1, 36480, Note_on_c, 9, 49, 80
1, 36480, Note_on_c, 9, 36, 80
1, 36959, Note_on_c, 9, 38, 0
1, 36959, Note_on_c, 9, 49, 0
1, 36959, Note_on_c, 9, 36, 0
1, 37920, Note_on_c, 9, 38, 80
1, 38399, Note_on_c, 9, 38, 0
1, 38400, Note_on_c, 9, 49, 80
1, 38400, Note_on_c, 9, 36, 80
1, 38879, Note_on_c, 9, 49, 0
1, 38879, Note_on_c, 9, 36, 0
1, 39840, Note_on_c, 9, 38, 80
1, 40319, Note_on_c, 9, 38, 0
1, 40320, Note_on_c, 9, 49, 80
1, 40320, Note_on_c, 9, 36, 80
1, 40799, Note_on_c, 9, 49, 0
1, 40799, Note_on_c, 9, 36, 0
1, 41760, Note_on_c, 9, 38, 80
1, 42239, Note_on_c, 9, 38, 0
1, 42240, Note_on_c, 9, 49, 80
1, 42240, Note_on_c, 9, 36, 80
1, 42719, Note_on_c, 9, 49, 0
1, 42719, Note_on_c, 9, 36, 0
1, 43680, Note_on_c, 9, 38, 80
1, 44159, Note_on_c, 9, 38, 0
1, 44160, Note_on_c, 9, 49, 80
1, 44160, Note_on_c, 9, 36, 80
1, 44639, Note_on_c, 9, 49, 0
1, 44639, Note_on_c, 9, 36, 0
1, 45600, Note_on_c, 9, 38, 80
1, 45600, Note_on_c, 9, 36, 80
1, 45839, Note_on_c, 9, 38, 0
1, 45839, Note_on_c, 9, 36, 0
1, 45840, Note_on_c, 9, 38, 80
1, 45840, Note_on_c, 9, 36, 80
1, 46079, Note_on_c, 9, 38, 0
1, 46079, Note_on_c, 9, 36, 0
1, 46080, Note_on_c, 9, 38, 80
1, 46080, Note_on_c, 9, 49, 80
1, 46080, Note_on_c, 9, 36, 80
1, 46559, Note_on_c, 9, 38, 0
1, 46559, Note_on_c, 9, 49, 0
1, 46559, Note_on_c, 9, 36, 0
1, 47520, Note_on_c, 9, 38, 80
1, 47520, Note_on_c, 9, 36, 80
1, 47999, Note_on_c, 9, 38, 0
1, 47999, Note_on_c, 9, 36, 0
1, 48000, Note_on_c, 9, 38, 80
1, 48000, Note_on_c, 9, 49, 80
1, 48000, Note_on_c, 9, 36, 80
1, 48479, Note_on_c, 9, 38, 0
1, 48479, Note_on_c, 9, 49, 0
1, 48479, Note_on_c, 9, 36, 0
1, 49440, Note_on_c, 9, 38, 80
1, 49440, Note_on_c, 9, 36, 80
1, 49919, Note_on_c, 9, 38, 0
1, 49919, Note_on_c, 9, 36, 0
1, 49920, Note_on_c, 9, 38, 80
1, 49920, Note_on_c, 9, 49, 80
1, 49920, Note_on_c, 9, 36, 80
1, 50399, Note_on_c, 9, 38, 0
1, 50399, Note_on_c, 9, 49, 0
1, 50399, Note_on_c, 9, 36, 0
1, 51360, Note_on_c, 9, 38, 80
1, 51360, Note_on_c, 9, 36, 80
1, 51839, Note_on_c, 9, 38, 0
1, 51839, Note_on_c, 9, 36, 0
1, 51840, Note_on_c, 9, 38, 80
1, 51840, Note_on_c, 9, 49, 80
1, 51840, Note_on_c, 9, 36, 80
1, 52319, Note_on_c, 9, 38, 0
1, 52319, Note_on_c, 9, 49, 0
1, 52319, Note_on_c, 9, 36, 0
1, 53280, Note_on_c, 9, 38, 80
1, 53280, Note_on_c, 9, 36, 80
1, 53519, Note_on_c, 9, 38, 0
1, 53519, Note_on_c, 9, 36, 0
1, 53520, Note_on_c, 9, 38, 80
1, 53520, Note_on_c, 9, 36, 80
1, 53759, Note_on_c, 9, 38, 0
1, 53759, Note_on_c, 9, 36, 0
1, 53760, Note_on_c, 9, 38, 80
1, 53760, Note_on_c, 9, 49, 80
1, 53760, Note_on_c, 9, 36, 80
1, 54239, Note_on_c, 9, 38, 0
1, 54239, Note_on_c, 9, 49, 0
1, 54239, Note_on_c, 9, 36, 0
1, 55200, Note_on_c, 9, 38, 80
1, 55200, Note_on_c, 9, 36, 80
1, 55679, Note_on_c, 9, 38, 0
1, 55679, Note_on_c, 9, 36, 0
1, 55680, Note_on_c, 9, 38, 80
1, 55680, Note_on_c, 9, 49, 80
1, 55680, Note_on_c, 9, 36, 80
1, 56159, Note_on_c, 9, 38, 0
1, 56159, Note_on_c, 9, 49, 0
1, 56159, Note_on_c, 9, 36, 0
1, 57120, Note_on_c, 9, 38, 80
1, 57120, Note_on_c, 9, 36, 80
1, 57599, Note_on_c, 9, 38, 0
1, 57599, Note_on_c, 9, 36, 0
1, 57600, Note_on_c, 9, 38, 80
1, 57600, Note_on_c, 9, 49, 80
1, 57600, Note_on_c, 9, 36, 80
1, 58079, Note_on_c, 9, 38, 0
1, 58079, Note_on_c, 9, 49, 0
1, 58079, Note_on_c, 9, 36, 0
1, 59520, Note_on_c, 9, 38, 80
1, 59520, Note_on_c, 9, 49, 80
1, 59520, Note_on_c, 9, 36, 80
1, 59999, Note_on_c, 9, 38, 0
1, 59999, Note_on_c, 9, 49, 0
1, 59999, Note_on_c, 9, 36, 0
1, 60000, End_track
2, 0, Start_track
2, 0, Title_t, "Instrument_01\000"
2, 0, Key_signature, 0, "major"
2, 0, Control_c, 0, 121, 0
2, 0, Program_c, 0, 80
2, 0, Control_c, 0, 7, 100
2, 0, Control_c, 0, 10, 64
2, 0, Control_c, 0, 91, 0
2, 0, Control_c, 0, 93, 0
2, 0, MIDI_port, 0
2, 240, Note_on_c, 0, 76, 96
2, 359, Note_on_c, 0, 76, 0
2, 480, Note_on_c, 0, 75, 96
2, 599, Note_on_c, 0, 75, 0
2, 720, Note_on_c, 0, 76, 96
2, 839, Note_on_c, 0, 76, 0
2, 960, Note_on_c, 0, 83, 96
2, 1079, Note_on_c, 0, 83, 0
2, 1200, Note_on_c, 0, 76, 96
2, 1319, Note_on_c, 0, 76, 0
2, 1440, Note_on_c, 0, 75, 96
2, 1559, Note_on_c, 0, 75, 0
2, 1680, Note_on_c, 0, 76, 96
2, 1799, Note_on_c, 0, 76, 0
2, 2160, Note_on_c, 0, 74, 96
2, 2279, Note_on_c, 0, 74, 0
2, 2400, Note_on_c, 0, 73, 96
2, 2519, Note_on_c, 0, 73, 0
2, 2640, Note_on_c, 0, 74, 96
2, 2759, Note_on_c, 0, 74, 0
2, 2880, Note_on_c, 0, 81, 96
2, 2999, Note_on_c, 0, 81, 0
2, 3120, Note_on_c, 0, 74, 96
2, 3239, Note_on_c, 0, 74, 0
2, 3360, Note_on_c, 0, 73, 96
2, 3479, Note_on_c, 0, 73, 0
2, 3600, Note_on_c, 0, 74, 96
2, 3719, Note_on_c, 0, 74, 0
2, 4080, Note_on_c, 0, 72, 96
2, 4199, Note_on_c, 0, 72, 0
2, 4320, Note_on_c, 0, 71, 96
2, 4439, Note_on_c, 0, 71, 0
2, 4560, Note_on_c, 0, 72, 96
2, 4679, Note_on_c, 0, 72, 0
2, 4800, Note_on_c, 0, 79, 96
2, 4919, Note_on_c, 0, 79, 0
2, 5040, Note_on_c, 0, 72, 96
2, 5159, Note_on_c, 0, 72, 0
2, 5280, Note_on_c, 0, 71, 96
2, 5399, Note_on_c, 0, 71, 0
2, 5520, Note_on_c, 0, 72, 96
2, 5639, Note_on_c, 0, 72, 0
2, 6000, Note_on_c, 0, 72, 96
2, 6119, Note_on_c, 0, 72, 0
2, 6240, Note_on_c, 0, 71, 96
2, 6359, Note_on_c, 0, 71, 0
2, 6480, Note_on_c, 0, 72, 96
2, 6599, Note_on_c, 0, 72, 0
2, 6720, Note_on_c, 0, 78, 96
2, 6839, Note_on_c, 0, 78, 0
2, 6960, Note_on_c, 0, 71, 96
2, 7079, Note_on_c, 0, 71, 0
2, 7200, Note_on_c, 0, 69, 96
2, 7319, Note_on_c, 0, 69, 0
2, 7440, Note_on_c, 0, 71, 96
2, 7559, Note_on_c, 0, 71, 0
2, 7920, Note_on_c, 0, 76, 96
2, 8039, Note_on_c, 0, 76, 0
2, 8160, Note_on_c, 0, 75, 96
2, 8279, Note_on_c, 0, 75, 0
2, 8400, Note_on_c, 0, 76, 96
2, 8519, Note_on_c, 0, 76, 0
2, 8640, Note_on_c, 0, 83, 96
2, 8759, Note_on_c, 0, 83, 0
2, 8880, Note_on_c, 0, 76, 96
2, 8999, Note_on_c, 0, 76, 0
2, 9120, Note_on_c, 0, 75, 96
2, 9239, Note_on_c, 0, 75, 0
2, 9360, Note_on_c, 0, 76, 96
2, 9479, Note_on_c, 0, 76, 0
2, 9840, Note_on_c, 0, 74, 96
2, 9959, Note_on_c, 0, 74, 0
2, 10080, Note_on_c, 0, 73, 96
2, 10199, Note_on_c, 0, 73, 0
2, 10320, Note_on_c, 0, 74, 96
2, 10439, Note_on_c, 0, 74, 0
2, 10560, Note_on_c, 0, 81, 96
2, 10679, Note_on_c, 0, 81, 0
2, 10800, Note_on_c, 0, 74, 96
2, 10919, Note_on_c, 0, 74, 0
2, 11040, Note_on_c, 0, 73, 96
2, 11159, Note_on_c, 0, 73, 0
2, 11280, Note_on_c, 0, 74, 96
2, 11399, Note_on_c, 0, 74, 0
2, 11760, Note_on_c, 0, 72, 96
2, 11879, Note_on_c, 0, 72, 0
2, 12000, Note_on_c, 0, 71, 96
2, 12119, Note_on_c, 0, 71, 0
2, 12240, Note_on_c, 0, 72, 96
2, 12359, Note_on_c, 0, 72, 0
2, 12480, Note_on_c, 0, 79, 96
2, 12599, Note_on_c, 0, 79, 0
2, 12720, Note_on_c, 0, 72, 96
2, 12839, Note_on_c, 0, 72, 0
2, 12960, Note_on_c, 0, 71, 96
2, 13079, Note_on_c, 0, 71, 0
2, 13200, Note_on_c, 0, 72, 96
2, 13319, Note_on_c, 0, 72, 0
2, 13680, Note_on_c, 0, 72, 96
2, 13799, Note_on_c, 0, 72, 0
2, 13920, Note_on_c, 0, 71, 96
2, 14039, Note_on_c, 0, 71, 0
2, 14160, Note_on_c, 0, 72, 96
2, 14279, Note_on_c, 0, 72, 0
2, 14400, Note_on_c, 0, 77, 96
2, 14519, Note_on_c, 0, 77, 0
2, 14640, Note_on_c, 0, 72, 96
2, 14759, Note_on_c, 0, 72, 0
2, 14880, Note_on_c, 0, 71, 96
2, 14999, Note_on_c, 0, 71, 0
2, 15120, Note_on_c, 0, 72, 96
2, 15239, Note_on_c, 0, 72, 0
2, 15600, Note_on_c, 0, 70, 96
2, 15719, Note_on_c, 0, 70, 0
2, 15840, Note_on_c, 0, 69, 96
2, 15959, Note_on_c, 0, 69, 0
2, 16080, Note_on_c, 0, 70, 96
2, 16199, Note_on_c, 0, 70, 0
2, 16320, Note_on_c, 0, 77, 96
2, 16439, Note_on_c, 0, 77, 0
2, 16560, Note_on_c, 0, 70, 96
2, 16679, Note_on_c, 0, 70, 0
2, 16800, Note_on_c, 0, 69, 96
2, 16919, Note_on_c, 0, 69, 0
2, 17040, Note_on_c, 0, 70, 96
2, 17159, Note_on_c, 0, 70, 0
2, 17520, Note_on_c, 0, 68, 96
2, 17639, Note_on_c, 0, 68, 0
2, 17760, Note_on_c, 0, 67, 96
2, 17879, Note_on_c, 0, 67, 0
2, 18000, Note_on_c, 0, 68, 96
2, 18119, Note_on_c, 0, 68, 0
2, 18240, Note_on_c, 0, 75, 96
2, 18359, Note_on_c, 0, 75, 0
2, 18480, Note_on_c, 0, 68, 96
2, 18599, Note_on_c, 0, 68, 0
2, 18720, Note_on_c, 0, 67, 96
2, 18839, Note_on_c, 0, 67, 0
2, 18960, Note_on_c, 0, 68, 96
2, 19079, Note_on_c, 0, 68, 0
2, 19440, Note_on_c, 0, 66, 96
2, 19559, Note_on_c, 0, 66, 0
2, 19680, Note_on_c, 0, 65, 96
2, 19799, Note_on_c, 0, 65, 0
2, 19920, Note_on_c, 0, 66, 96
2, 20039, Note_on_c, 0, 66, 0
2, 20160, Note_on_c, 0, 73, 96
2, 20279, Note_on_c, 0, 73, 0
2, 20400, Note_on_c, 0, 66, 96
2, 20519, Note_on_c, 0, 66, 0
2, 20640, Note_on_c, 0, 65, 96
2, 20759, Note_on_c, 0, 65, 0
2, 20880, Note_on_c, 0, 66, 96
2, 20999, Note_on_c, 0, 66, 0
2, 21360, Note_on_c, 0, 78, 96
2, 21479, Note_on_c, 0, 78, 0
2, 21600, Note_on_c, 0, 77, 96
2, 21719, Note_on_c, 0, 77, 0
2, 21840, Note_on_c, 0, 78, 96
2, 21959, Note_on_c, 0, 78, 0
2, 22080, Note_on_c, 0, 84, 96
2, 22199, Note_on_c, 0, 84, 0
2, 22320, Note_on_c, 0, 77, 96
2, 22439, Note_on_c, 0, 77, 0
2, 22560, Note_on_c, 0, 75, 96
2, 22679, Note_on_c, 0, 75, 0
2, 22800, Note_on_c, 0, 77, 96
2, 22919, Note_on_c, 0, 77, 0
2, 23280, Note_on_c, 0, 76, 96
2, 23399, Note_on_c, 0, 76, 0
2, 23520, Note_on_c, 0, 75, 96
2, 23639, Note_on_c, 0, 75, 0
2, 23760, Note_on_c, 0, 76, 96
2, 23879, Note_on_c, 0, 76, 0
2, 24000, Note_on_c, 0, 83, 96
2, 24119, Note_on_c, 0, 83, 0
2, 24240, Note_on_c, 0, 76, 96
2, 24359, Note_on_c, 0, 76, 0
2, 24480, Note_on_c, 0, 75, 96
2, 24599, Note_on_c, 0, 75, 0
2, 24720, Note_on_c, 0, 76, 96
2, 24839, Note_on_c, 0, 76, 0
2, 25200, Note_on_c, 0, 74, 96
2, 25319, Note_on_c, 0, 74, 0
2, 25440, Note_on_c, 0, 73, 96
2, 25559, Note_on_c, 0, 73, 0
2, 25680, Note_on_c, 0, 74, 96
2, 25799, Note_on_c, 0, 74, 0
2, 25920, Note_on_c, 0, 81, 96
2, 26039, Note_on_c, 0, 81, 0
2, 26160, Note_on_c, 0, 74, 96
2, 26279, Note_on_c, 0, 74, 0
2, 26400, Note_on_c, 0, 73, 96
2, 26519, Note_on_c, 0, 73, 0
2, 26640, Note_on_c, 0, 74, 96
2, 26759, Note_on_c, 0, 74, 0
2, 27120, Note_on_c, 0, 72, 96
2, 27239, Note_on_c, 0, 72, 0
2, 27360, Note_on_c, 0, 71, 96
2, 27479, Note_on_c, 0, 71, 0
2, 27600, Note_on_c, 0, 72, 96
2, 27719, Note_on_c, 0, 72, 0
2, 27840, Note_on_c, 0, 79, 96
2, 27959, Note_on_c, 0, 79, 0
2, 28080, Note_on_c, 0, 72, 96
2, 28199, Note_on_c, 0, 72, 0
2, 28320, Note_on_c, 0, 71, 96
2, 28439, Note_on_c, 0, 71, 0
2, 28560, Note_on_c, 0, 72, 96
2, 28679, Note_on_c, 0, 72, 0
2, 29040, Note_on_c, 0, 72, 96
2, 29159, Note_on_c, 0, 72, 0
2, 29280, Note_on_c, 0, 71, 96
2, 29399, Note_on_c, 0, 71, 0
2, 29520, Note_on_c, 0, 72, 96
2, 29639, Note_on_c, 0, 72, 0
2, 29760, Note_on_c, 0, 78, 96
2, 29879, Note_on_c, 0, 78, 0
2, 30000, Note_on_c, 0, 71, 96
2, 30119, Note_on_c, 0, 71, 0
2, 30240, Note_on_c, 0, 69, 96
2, 30359, Note_on_c, 0, 69, 0
2, 30480, Note_on_c, 0, 71, 96
2, 30599, Note_on_c, 0, 71, 0
2, 30720, Note_on_c, 0, 72, 96
2, 30839, Note_on_c, 0, 72, 0
2, 30960, Note_on_c, 0, 76, 96
2, 31079, Note_on_c, 0, 76, 0
2, 31200, Note_on_c, 0, 81, 96
2, 31319, Note_on_c, 0, 81, 0
2, 31440, Note_on_c, 0, 84, 96
2, 31559, Note_on_c, 0, 84, 0
2, 31680, Note_on_c, 0, 81, 96
2, 31799, Note_on_c, 0, 81, 0
2, 31920, Note_on_c, 0, 76, 96
2, 32039, Note_on_c, 0, 76, 0
2, 32160, Note_on_c, 0, 72, 96
2, 32279, Note_on_c, 0, 72, 0
2, 32400, Note_on_c, 0, 76, 96
2, 32519, Note_on_c, 0, 76, 0
2, 32640, Note_on_c, 0, 71, 96
2, 32759, Note_on_c, 0, 71, 0
2, 32880, Note_on_c, 0, 76, 96
2, 32999, Note_on_c, 0, 76, 0
2, 33120, Note_on_c, 0, 79, 96
2, 33239, Note_on_c, 0, 79, 0
2, 33360, Note_on_c, 0, 83, 96
2, 33479, Note_on_c, 0, 83, 0
2, 33600, Note_on_c, 0, 79, 96
2, 33719, Note_on_c, 0, 79, 0
2, 33840, Note_on_c, 0, 76, 96
2, 33959, Note_on_c, 0, 76, 0
2, 34080, Note_on_c, 0, 71, 96
2, 34199, Note_on_c, 0, 71, 0
2, 34320, Note_on_c, 0, 76, 96
2, 34439, Note_on_c, 0, 76, 0
2, 34560, Note_on_c, 0, 72, 96
2, 34679, Note_on_c, 0, 72, 0
2, 34800, Note_on_c, 0, 76, 96
2, 34919, Note_on_c, 0, 76, 0
2, 35040, Note_on_c, 0, 81, 96
2, 35159, Note_on_c, 0, 81, 0
2, 35280, Note_on_c, 0, 84, 96
2, 35399, Note_on_c, 0, 84, 0
2, 35520, Note_on_c, 0, 81, 96
2, 35639, Note_on_c, 0, 81, 0
2, 35760, Note_on_c, 0, 76, 96
2, 35879, Note_on_c, 0, 76, 0
2, 36000, Note_on_c, 0, 72, 96
2, 36119, Note_on_c, 0, 72, 0
2, 36240, Note_on_c, 0, 76, 96
2, 36359, Note_on_c, 0, 76, 0
2, 36480, Note_on_c, 0, 71, 96
2, 36599, Note_on_c, 0, 71, 0
2, 36720, Note_on_c, 0, 75, 96
2, 36839, Note_on_c, 0, 75, 0
2, 36960, Note_on_c, 0, 78, 96
2, 37079, Note_on_c, 0, 78, 0
2, 37200, Note_on_c, 0, 83, 96
2, 37319, Note_on_c, 0, 83, 0
2, 37440, Note_on_c, 0, 78, 96
2, 37559, Note_on_c, 0, 78, 0
2, 37680, Note_on_c, 0, 75, 96
2, 37799, Note_on_c, 0, 75, 0
2, 37920, Note_on_c, 0, 71, 96
2, 38039, Note_on_c, 0, 71, 0
2, 38160, Note_on_c, 0, 75, 96
2, 38279, Note_on_c, 0, 75, 0
2, 38400, Note_on_c, 0, 72, 96
2, 38519, Note_on_c, 0, 72, 0
2, 38640, Note_on_c, 0, 76, 96
2, 38759, Note_on_c, 0, 76, 0
2, 38880, Note_on_c, 0, 79, 96
2, 38999, Note_on_c, 0, 79, 0
2, 39120, Note_on_c, 0, 84, 96
2, 39239, Note_on_c, 0, 84, 0
2, 39360, Note_on_c, 0, 79, 96
2, 39479, Note_on_c, 0, 79, 0
2, 39600, Note_on_c, 0, 76, 96
2, 39719, Note_on_c, 0, 76, 0
2, 39840, Note_on_c, 0, 72, 96
2, 39959, Note_on_c, 0, 72, 0
2, 40080, Note_on_c, 0, 76, 96
2, 40199, Note_on_c, 0, 76, 0
2, 40320, Note_on_c, 0, 71, 96
2, 40439, Note_on_c, 0, 71, 0
2, 40560, Note_on_c, 0, 74, 96
2, 40679, Note_on_c, 0, 74, 0
2, 40800, Note_on_c, 0, 78, 96
2, 40919, Note_on_c, 0, 78, 0
2, 41040, Note_on_c, 0, 83, 96
2, 41159, Note_on_c, 0, 83, 0
2, 41280, Note_on_c, 0, 78, 96
2, 41399, Note_on_c, 0, 78, 0
2, 41520, Note_on_c, 0, 74, 96
2, 41639, Note_on_c, 0, 74, 0
2, 41760, Note_on_c, 0, 71, 96
2, 41879, Note_on_c, 0, 71, 0
2, 42000, Note_on_c, 0, 74, 96
2, 42119, Note_on_c, 0, 74, 0
2, 42240, Note_on_c, 0, 72, 96
2, 42359, Note_on_c, 0, 72, 0
2, 42480, Note_on_c, 0, 76, 96
2, 42599, Note_on_c, 0, 76, 0
2, 42720, Note_on_c, 0, 79, 96
2, 42839, Note_on_c, 0, 79, 0
2, 42960, Note_on_c, 0, 84, 96
2, 43079, Note_on_c, 0, 84, 0
2, 43200, Note_on_c, 0, 79, 96
2, 43319, Note_on_c, 0, 79, 0
2, 43440, Note_on_c, 0, 76, 96
2, 43559, Note_on_c, 0, 76, 0
2, 43680, Note_on_c, 0, 72, 96
2, 43799, Note_on_c, 0, 72, 0
2, 43920, Note_on_c, 0, 76, 96
2, 44039, Note_on_c, 0, 76, 0
2, 44160, Note_on_c, 0, 69, 96
2, 44279, Note_on_c, 0, 69, 0
2, 44400, Note_on_c, 0, 74, 96
2, 44519, Note_on_c, 0, 74, 0
2, 44640, Note_on_c, 0, 78, 96
2, 44759, Note_on_c, 0, 78, 0
2, 44880, Note_on_c, 0, 81, 96
2, 44999, Note_on_c, 0, 81, 0
2, 45120, Note_on_c, 0, 78, 96
2, 45239, Note_on_c, 0, 78, 0
2, 45360, Note_on_c, 0, 74, 96
2, 45479, Note_on_c, 0, 74, 0
2, 45600, Note_on_c, 0, 69, 96
2, 45719, Note_on_c, 0, 69, 0
2, 45840, Note_on_c, 0, 74, 96
2, 45959, Note_on_c, 0, 74, 0
2, 46080, Note_on_c, 0, 69, 96
2, 46199, Note_on_c, 0, 69, 0
2, 46320, Note_on_c, 0, 71, 96
2, 46439, Note_on_c, 0, 71, 0
2, 46560, Note_on_c, 0, 76, 96
2, 46679, Note_on_c, 0, 76, 0
2, 46800, Note_on_c, 0, 81, 96
2, 46919, Note_on_c, 0, 81, 0
2, 47040, Note_on_c, 0, 76, 96
2, 47159, Note_on_c, 0, 76, 0
2, 47280, Note_on_c, 0, 71, 96
2, 47399, Note_on_c, 0, 71, 0
2, 47520, Note_on_c, 0, 69, 96
2, 47639, Note_on_c, 0, 69, 0
2, 47760, Note_on_c, 0, 71, 96
2, 47879, Note_on_c, 0, 71, 0
2, 48000, Note_on_c, 0, 67, 96
2, 48119, Note_on_c, 0, 67, 0
2, 48240, Note_on_c, 0, 71, 96
2, 48359, Note_on_c, 0, 71, 0
2, 48480, Note_on_c, 0, 76, 96
2, 48599, Note_on_c, 0, 76, 0
2, 48720, Note_on_c, 0, 79, 96
2, 48839, Note_on_c, 0, 79, 0
2, 48960, Note_on_c, 0, 76, 96
2, 49079, Note_on_c, 0, 76, 0
2, 49200, Note_on_c, 0, 71, 96
2, 49319, Note_on_c, 0, 71, 0
2, 49440, Note_on_c, 0, 67, 96
2, 49559, Note_on_c, 0, 67, 0
2, 49680, Note_on_c, 0, 71, 96
2, 49799, Note_on_c, 0, 71, 0
2, 49920, Note_on_c, 0, 67, 96
2, 50039, Note_on_c, 0, 67, 0
2, 50160, Note_on_c, 0, 69, 96
2, 50279, Note_on_c, 0, 69, 0
2, 50400, Note_on_c, 0, 76, 96
2, 50519, Note_on_c, 0, 76, 0
2, 50640, Note_on_c, 0, 79, 96
2, 50759, Note_on_c, 0, 79, 0
2, 50880, Note_on_c, 0, 76, 96
2, 50999, Note_on_c, 0, 76, 0
2, 51120, Note_on_c, 0, 69, 96
2, 51239, Note_on_c, 0, 69, 0
2, 51360, Note_on_c, 0, 67, 96
2, 51479, Note_on_c, 0, 67, 0
2, 51600, Note_on_c, 0, 69, 96
2, 51719, Note_on_c, 0, 69, 0
2, 51840, Note_on_c, 0, 66, 96
2, 51959, Note_on_c, 0, 66, 0
2, 52080, Note_on_c, 0, 69, 96
2, 52199, Note_on_c, 0, 69, 0
2, 52320, Note_on_c, 0, 76, 96
2, 52439, Note_on_c, 0, 76, 0
2, 52560, Note_on_c, 0, 78, 96
2, 52679, Note_on_c, 0, 78, 0
2, 52800, Note_on_c, 0, 76, 96
2, 52919, Note_on_c, 0, 76, 0
2, 53040, Note_on_c, 0, 69, 96
2, 53159, Note_on_c, 0, 69, 0
2, 53280, Note_on_c, 0, 66, 96
2, 53399, Note_on_c, 0, 66, 0
2, 53520, Note_on_c, 0, 69, 96
2, 53639, Note_on_c, 0, 69, 0
2, 53760, Note_on_c, 0, 66, 96
2, 53879, Note_on_c, 0, 66, 0
2, 54000, Note_on_c, 0, 71, 96
2, 54119, Note_on_c, 0, 71, 0
2, 54240, Note_on_c, 0, 76, 96
2, 54359, Note_on_c, 0, 76, 0
2, 54480, Note_on_c, 0, 78, 96
2, 54599, Note_on_c, 0, 78, 0
2, 54720, Note_on_c, 0, 76, 96
2, 54839, Note_on_c, 0, 76, 0
2, 54960, Note_on_c, 0, 71, 96
2, 55079, Note_on_c, 0, 71, 0
2, 55200, Note_on_c, 0, 66, 96
2, 55319, Note_on_c, 0, 66, 0
2, 55440, Note_on_c, 0, 71, 96
2, 55559, Note_on_c, 0, 71, 0
2, 55680, Note_on_c, 0, 67, 96
2, 55799, Note_on_c, 0, 67, 0
2, 55920, Note_on_c, 0, 71, 96
2, 56039, Note_on_c, 0, 71, 0
2, 56160, Note_on_c, 0, 76, 96
2, 56279, Note_on_c, 0, 76, 0
2, 56400, Note_on_c, 0, 79, 96
2, 56519, Note_on_c, 0, 79, 0
2, 56640, Note_on_c, 0, 76, 96
2, 56759, Note_on_c, 0, 76, 0
2, 56880, Note_on_c, 0, 71, 96
2, 56999, Note_on_c, 0, 71, 0
2, 57120, Note_on_c, 0, 67, 96
2, 57239, Note_on_c, 0, 67, 0
2, 57360, Note_on_c, 0, 71, 96
2, 57479, Note_on_c, 0, 71, 0
2, 57600, Note_on_c, 0, 69, 96
2, 57719, Note_on_c, 0, 69, 0
2, 57840, Note_on_c, 0, 71, 96
2, 57959, Note_on_c, 0, 71, 0
2, 58080, Note_on_c, 0, 76, 96
2, 58199, Note_on_c, 0, 76, 0
2, 58320, Note_on_c, 0, 81, 96
2, 58439, Note_on_c, 0, 81, 0
2, 58560, Note_on_c, 0, 76, 96
2, 58679, Note_on_c, 0, 76, 0
2, 58800, Note_on_c, 0, 71, 96
2, 58919, Note_on_c, 0, 71, 0
2, 59040, Note_on_c, 0, 69, 96
2, 59159, Note_on_c, 0, 69, 0
2, 59280, Note_on_c, 0, 71, 96
2, 59399, Note_on_c, 0, 71, 0
2, 59520, Note_on_c, 0, 69, 96
2, 59639, Note_on_c, 0, 69, 0
2, 59760, Note_on_c, 0, 71, 96
2, 59879, Note_on_c, 0, 71, 0
2, 60000, Note_on_c, 0, 75, 96
2, 60119, Note_on_c, 0, 75, 0
2, 60240, Note_on_c, 0, 81, 96
2, 60359, Note_on_c, 0, 81, 0
2, 60480, Note_on_c, 0, 75, 96
2, 60599, Note_on_c, 0, 75, 0
2, 60720, Note_on_c, 0, 71, 96
2, 60839, Note_on_c, 0, 71, 0
2, 60960, Note_on_c, 0, 69, 96
2, 61079, Note_on_c, 0, 69, 0
2, 61200, Note_on_c, 0, 71, 96
2, 61315, Note_on_c, 0, 71, 0
2, 61316, End_track
3, 0, Start_track
3, 0, Title_t, "Instrument_02\000"
3, 0, Key_signature, 0, "major"
3, 0, Control_c, 1, 121, 0
3, 0, Program_c, 1, 81
3, 0, Control_c, 1, 7, 100
3, 0, Control_c, 1, 10, 64
3, 0, Control_c, 1, 91, 0
3, 0, Control_c, 1, 93, 0
3, 0, MIDI_port, 0
3, 30720, Note_on_c, 1, 69, 96
3, 32543, Note_on_c, 1, 69, 0
3, 32640, Note_on_c, 1, 71, 96
3, 34463, Note_on_c, 1, 71, 0
3, 34560, Note_on_c, 1, 72, 96
3, 35471, Note_on_c, 1, 72, 0
3, 35520, Note_on_c, 1, 69, 96
3, 35747, Note_on_c, 1, 69, 0
3, 35760, Note_on_c, 1, 72, 96
3, 35987, Note_on_c, 1, 72, 0
3, 36000, Note_on_c, 1, 74, 96
3, 36227, Note_on_c, 1, 74, 0
3, 36240, Note_on_c, 1, 76, 96
3, 36467, Note_on_c, 1, 76, 0
3, 36480, Note_on_c, 1, 78, 96
3, 37391, Note_on_c, 1, 78, 0
3, 37440, Note_on_c, 1, 83, 96
3, 38351, Note_on_c, 1, 83, 0
3, 38400, Note_on_c, 1, 79, 96
3, 40223, Note_on_c, 1, 79, 0
3, 40320, Note_on_c, 1, 78, 96
3, 42143, Note_on_c, 1, 78, 0
3, 42240, Note_on_c, 1, 76, 96
3, 43151, Note_on_c, 1, 76, 0
3, 43200, Note_on_c, 1, 79, 96
3, 43427, Note_on_c, 1, 79, 0
3, 43440, Note_on_c, 1, 76, 96
3, 43667, Note_on_c, 1, 76, 0
3, 43680, Note_on_c, 1, 72, 96
3, 43907, Note_on_c, 1, 72, 0
3, 43920, Note_on_c, 1, 76, 96
3, 44147, Note_on_c, 1, 76, 0
3, 44160, Note_on_c, 1, 74, 96
3, 45527, Note_on_c, 1, 74, 0
3, 45600, Note_on_c, 1, 73, 96
3, 46055, Note_on_c, 1, 73, 0
3, 46080, Note_on_c, 1, 71, 96
3, 47903, Note_on_c, 1, 71, 0
3, 48000, Note_on_c, 1, 76, 96
3, 49823, Note_on_c, 1, 76, 0
3, 49920, Note_on_c, 1, 76, 96
3, 51743, Note_on_c, 1, 76, 0
3, 51840, Note_on_c, 1, 73, 96
3, 53663, Note_on_c, 1, 73, 0
3, 53760, Note_on_c, 1, 71, 96
3, 57407, Note_on_c, 1, 71, 0
3, 57600, Note_on_c, 1, 83, 96
3, 61240, Note_on_c, 1, 83, 0
3, 61241, End_track
4, 0, Start_track
4, 0, Title_t, "Instrument_03\000"
4, 0, Key_signature, 0, "major"
4, 0, Control_c, 2, 121, 0
4, 0, Program_c, 2, 50
4, 0, Control_c, 2, 7, 100
4, 0, Control_c, 2, 10, 64
4, 0, Control_c, 2, 91, 0
4, 0, Control_c, 2, 93, 0
4, 0, MIDI_port, 0
4, 0, Note_on_c, 2, 68, 80
4, 1823, Note_on_c, 2, 68, 0
4, 1920, Note_on_c, 2, 66, 80
4, 3743, Note_on_c, 2, 66, 0
4, 3840, Note_on_c, 2, 64, 80
4, 6575, Note_on_c, 2, 64, 0
4, 6720, Note_on_c, 2, 69, 80
4, 7631, Note_on_c, 2, 69, 0
4, 7680, Note_on_c, 2, 68, 80
4, 9503, Note_on_c, 2, 68, 0
4, 9600, Note_on_c, 2, 66, 80
4, 11423, Note_on_c, 2, 66, 0
4, 11520, Note_on_c, 2, 64, 80
4, 14255, Note_on_c, 2, 64, 0
4, 14400, Note_on_c, 2, 69, 80
4, 17135, Note_on_c, 2, 69, 0
4, 17280, Note_on_c, 2, 67, 80
4, 19103, Note_on_c, 2, 67, 0
4, 19200, Note_on_c, 2, 65, 80
4, 21935, Note_on_c, 2, 65, 0
4, 22080, Note_on_c, 2, 69, 80
4, 22991, Note_on_c, 2, 69, 0
4, 23040, Note_on_c, 2, 68, 80
4, 24863, Note_on_c, 2, 68, 0
4, 24960, Note_on_c, 2, 66, 80
4, 26783, Note_on_c, 2, 66, 0
4, 26880, Note_on_c, 2, 64, 80
4, 29615, Note_on_c, 2, 64, 0
4, 29760, Note_on_c, 2, 63, 80
4, 30671, Note_on_c, 2, 63, 0
4, 30720, Note_on_c, 2, 64, 80
4, 32543, Note_on_c, 2, 64, 0
4, 32640, Note_on_c, 2, 64, 80
4, 34463, Note_on_c, 2, 64, 0
4, 34560, Note_on_c, 2, 64, 80
4, 36383, Note_on_c, 2, 64, 0
4, 36480, Note_on_c, 2, 63, 80
4, 38303, Note_on_c, 2, 63, 0
4, 38400, Note_on_c, 2, 64, 80
4, 40223, Note_on_c, 2, 64, 0
4, 40320, Note_on_c, 2, 66, 80
4, 42143, Note_on_c, 2, 66, 0
4, 42240, Note_on_c, 2, 64, 80
4, 44063, Note_on_c, 2, 64, 0
4, 44160, Note_on_c, 2, 66, 80
4, 45983, Note_on_c, 2, 66, 0
4, 46080, Note_on_c, 2, 64, 80
4, 47903, Note_on_c, 2, 64, 0
4, 48000, Note_on_c, 2, 64, 80
4, 49823, Note_on_c, 2, 64, 0
4, 49920, Note_on_c, 2, 64, 80
4, 51743, Note_on_c, 2, 64, 0
4, 51840, Note_on_c, 2, 64, 80
4, 53663, Note_on_c, 2, 64, 0
4, 53760, Note_on_c, 2, 64, 80
4, 55583, Note_on_c, 2, 64, 0
4, 55680, Note_on_c, 2, 64, 80
4, 57503, Note_on_c, 2, 64, 0
4, 57600, Note_on_c, 2, 64, 80
4, 59423, Note_on_c, 2, 64, 0
4, 59520, Note_on_c, 2, 63, 80
4, 61336, Note_on_c, 2, 63, 0
4, 61337, End_track
5, 0, Start_track
5, 0, Title_t, "Instrument_04\000"
5, 0, Key_signature, 0, "major"
5, 0, Control_c, 3, 121, 0
5, 0, Program_c, 3, 50
5, 0, Control_c, 3, 7, 100
5, 0, Control_c, 3, 10, 64
5, 0, Control_c, 3, 91, 0
5, 0, Control_c, 3, 93, 0
5, 0, MIDI_port, 0
5, 0, Note_on_c, 3, 63, 80
5, 1823, Note_on_c, 3, 63, 0
5, 1920, Note_on_c, 3, 61, 80
5, 3743, Note_on_c, 3, 61, 0
5, 3840, Note_on_c, 3, 59, 80
5, 6575, Note_on_c, 3, 59, 0
5, 6720, Note_on_c, 3, 63, 80
5, 7631, Note_on_c, 3, 63, 0
5, 7680, Note_on_c, 3, 63, 80
5, 9503, Note_on_c, 3, 63, 0
5, 9600, Note_on_c, 3, 61, 80
5, 11423, Note_on_c, 3, 61, 0
5, 11520, Note_on_c, 3, 59, 80
5, 14255, Note_on_c, 3, 59, 0
5, 14400, Note_on_c, 3, 63, 80
5, 15311, Note_on_c, 3, 63, 0
5, 15360, Note_on_c, 3, 62, 80
5, 17183, Note_on_c, 3, 62, 0
5, 17280, Note_on_c, 3, 60, 80
5, 19103, Note_on_c, 3, 60, 0
5, 19200, Note_on_c, 3, 58, 80
5, 21935, Note_on_c, 3, 58, 0
5, 22080, Note_on_c, 3, 63, 80
5, 24815, Note_on_c, 3, 63, 0
5, 24960, Note_on_c, 3, 61, 80
5, 26783, Note_on_c, 3, 61, 0
5, 26880, Note_on_c, 3, 59, 80
5, 29615, Note_on_c, 3, 59, 0
5, 29760, Note_on_c, 3, 57, 80
5, 30671, Note_on_c, 3, 57, 0
5, 30720, Note_on_c, 3, 60, 80
5, 32543, Note_on_c, 3, 60, 0
5, 32640, Note_on_c, 3, 55, 80
5, 34463, Note_on_c, 3, 55, 0
5, 34560, Note_on_c, 3, 60, 80
5, 36383, Note_on_c, 3, 60, 0
5, 36480, Note_on_c, 3, 59, 80
5, 38303, Note_on_c, 3, 59, 0
5, 38400, Note_on_c, 3, 59, 80
5, 40223, Note_on_c, 3, 59, 0
5, 40320, Note_on_c, 3, 59, 80
5, 42143, Note_on_c, 3, 59, 0
5, 42240, Note_on_c, 3, 59, 80
5, 44063, Note_on_c, 3, 59, 0
5, 44160, Note_on_c, 3, 57, 80
5, 45983, Note_on_c, 3, 57, 0
5, 46080, Note_on_c, 3, 57, 80
5, 47903, Note_on_c, 3, 57, 0
5, 48000, Note_on_c, 3, 55, 80
5, 49823, Note_on_c, 3, 55, 0
5, 49920, Note_on_c, 3, 55, 80
5, 51743, Note_on_c, 3, 55, 0
5, 51840, Note_on_c, 3, 54, 80
5, 53663, Note_on_c, 3, 54, 0
5, 53760, Note_on_c, 3, 54, 80
5, 55583, Note_on_c, 3, 54, 0
5, 55680, Note_on_c, 3, 55, 80
5, 57503, Note_on_c, 3, 55, 0
5, 57600, Note_on_c, 3, 57, 80
5, 59423, Note_on_c, 3, 57, 0
5, 59520, Note_on_c, 3, 57, 80
5, 61336, Note_on_c, 3, 57, 0
5, 61337, End_track
6, 0, Start_track
6, 0, Title_t, "Instrument_05\000"
6, 0, Key_signature, 0, "major"
6, 0, Control_c, 4, 121, 0
6, 0, Program_c, 4, 50
6, 0, Control_c, 4, 7, 100
6, 0, Control_c, 4, 10, 64
6, 0, Control_c, 4, 91, 0
6, 0, Control_c, 4, 93, 0
6, 0, MIDI_port, 0
6, 0, Note_on_c, 4, 52, 80
6, 1823, Note_on_c, 4, 52, 0
6, 1920, Note_on_c, 4, 50, 80
6, 3743, Note_on_c, 4, 50, 0
6, 3840, Note_on_c, 4, 48, 80
6, 6575, Note_on_c, 4, 48, 0
6, 6720, Note_on_c, 4, 47, 80
6, 7631, Note_on_c, 4, 47, 0
6, 7680, Note_on_c, 4, 52, 80
6, 9503, Note_on_c, 4, 52, 0
6, 9600, Note_on_c, 4, 50, 80
6, 11423, Note_on_c, 4, 50, 0
6, 11520, Note_on_c, 4, 48, 80
6, 14255, Note_on_c, 4, 48, 0
6, 14400, Note_on_c, 4, 53, 80
6, 15311, Note_on_c, 4, 53, 0
6, 15360, Note_on_c, 4, 58, 80
6, 17183, Note_on_c, 4, 58, 0
6, 17280, Note_on_c, 4, 56, 80
6, 19103, Note_on_c, 4, 56, 0
6, 19200, Note_on_c, 4, 54, 80
6, 21935, Note_on_c, 4, 54, 0
6, 22080, Note_on_c, 4, 53, 80
6, 22991, Note_on_c, 4, 53, 0
6, 23040, Note_on_c, 4, 52, 80
6, 24863, Note_on_c, 4, 52, 0
6, 24960, Note_on_c, 4, 50, 80
6, 26783, Note_on_c, 4, 50, 0
6, 26880, Note_on_c, 4, 48, 80
6, 29615, Note_on_c, 4, 48, 0
6, 29760, Note_on_c, 4, 47, 80
6, 30671, Note_on_c, 4, 47, 0
6, 30720, Note_on_c, 4, 45, 80
6, 32543, Note_on_c, 4, 45, 0
6, 32640, Note_on_c, 4, 40, 80
6, 34463, Note_on_c, 4, 40, 0
6, 34560, Note_on_c, 4, 45, 80
6, 36383, Note_on_c, 4, 45, 0
6, 36480, Note_on_c, 4, 47, 80
6, 38303, Note_on_c, 4, 47, 0
6, 38400, Note_on_c, 4, 48, 80
6, 40223, Note_on_c, 4, 48, 0
6, 40320, Note_on_c, 4, 43, 80
6, 42143, Note_on_c, 4, 43, 0
6, 42240, Note_on_c, 4, 48, 80
6, 44063, Note_on_c, 4, 48, 0
6, 44160, Note_on_c, 4, 50, 80
6, 45983, Note_on_c, 4, 50, 0
6, 46080, Note_on_c, 4, 52, 80
6, 47903, Note_on_c, 4, 52, 0
6, 48000, Note_on_c, 4, 52, 80
6, 49823, Note_on_c, 4, 52, 0
6, 49920, Note_on_c, 4, 45, 80
6, 51743, Note_on_c, 4, 45, 0
6, 51840, Note_on_c, 4, 45, 80
6, 53663, Note_on_c, 4, 45, 0
6, 53760, Note_on_c, 4, 47, 80
6, 55583, Note_on_c, 4, 47, 0
6, 55680, Note_on_c, 4, 47, 80
6, 57503, Note_on_c, 4, 47, 0
6, 57600, Note_on_c, 4, 47, 80
6, 59423, Note_on_c, 4, 47, 0
6, 59520, Note_on_c, 4, 47, 80
6, 61336, Note_on_c, 4, 47, 0
6, 61337, End_track
0, 0, End_of_file